id,source_id,old_cover_url,target_key,target_public_url
bc79b86e-09c9-4bc4-898f-3653f0cafa45,9c9e55de-fe46-11e5-86aa-5e5517507c66,https://bookdash.github.io/bookdash-books/little-ants-big-plan/en/images/cover.jpg,bookdash-9c9e55de-fe46-11e5-86aa-5e5517507c66.webp,https://zuwbshdvpnranzheswdn.supabase.co/storage/v1/object/public/book-covers/bookdash-9c9e55de-fe46-11e5-86aa-5e5517507c66.webp
96f3031c-b429-4b93-9797-8fb821b5211c,9c9e596c-fe46-11e5-86aa-5e5517507c66,https://bookdash.github.io/bookdash-books/sindiwe-and-the-fireflies/en/images/cover.jpg,bookdash-9c9e596c-fe46-11e5-86aa-5e5517507c66.webp,https://zuwbshdvpnranzheswdn.supabase.co/storage/v1/object/public/book-covers/bookdash-9c9e596c-fe46-11e5-86aa-5e5517507c66.webp
e54b29d1-1992-4474-a0b9-7adbc3d13ed5,9c9e5f48-fe46-11e5-86aa-5e5517507c66,https://bookdash.github.io/bookdash-books/why-is-nita-upside-down/en/images/cover.jpg,bookdash-9c9e5f48-fe46-11e5-86aa-5e5517507c66.webp,https://zuwbshdvpnranzheswdn.supabase.co/storage/v1/object/public/book-covers/bookdash-9c9e5f48-fe46-11e5-86aa-5e5517507c66.webp
a8ee34b2-3b55-407b-9630-c91e3acf3e0e,9c9e6196-fe46-11e5-86aa-5e5517507c66,https://bookdash.github.io/bookdash-books/miss-helens-magical-world/en/images/cover.jpg,bookdash-9c9e6196-fe46-11e5-86aa-5e5517507c66.webp,https://zuwbshdvpnranzheswdn.supabase.co/storage/v1/object/public/book-covers/bookdash-9c9e6196-fe46-11e5-86aa-5e5517507c66.webp
b0e7471b-01e1-41f1-acc3-0ed1d0a7c9c2,9c9e62ea-fe46-11e5-86aa-5e5517507c66,https://bookdash.github.io/bookdash-books/singing-the-truth/en/images/cover.jpg,bookdash-9c9e62ea-fe46-11e5-86aa-5e5517507c66.webp,https://zuwbshdvpnranzheswdn.supabase.co/storage/v1/object/public/book-covers/bookdash-9c9e62ea-fe46-11e5-86aa-5e5517507c66.webp
cd9286f5-5651-48fe-9419-9021a1a362cd,9c9e640c-fe46-11e5-86aa-5e5517507c66,https://bookdash.github.io/bookdash-books/queen-of-soweto/en/images/cover.jpg,bookdash-9c9e640c-fe46-11e5-86aa-5e5517507c66.webp,https://zuwbshdvpnranzheswdn.supabase.co/storage/v1/object/public/book-covers/bookdash-9c9e640c-fe46-11e5-86aa-5e5517507c66.webp
c0ca9816-36ee-433e-8381-1a1d7712fc3f,9c9e6524-fe46-11e5-86aa-5e5517507c66,https://bookdash.github.io/bookdash-books/grandpas-gold/en/images/cover.jpg,bookdash-9c9e6524-fe46-11e5-86aa-5e5517507c66.webp,https://zuwbshdvpnranzheswdn.supabase.co/storage/v1/object/public/book-covers/bookdash-9c9e6524-fe46-11e5-86aa-5e5517507c66.webp
07afc05a-f7e5-41cb-ad0d-6791a418e570,9c9e663c-fe46-11e5-86aa-5e5517507c66,https://bookdash.github.io/bookdash-books/together-were-strong/en/images/cover.jpg,bookdash-9c9e663c-fe46-11e5-86aa-5e5517507c66.webp,https://zuwbshdvpnranzheswdn.supabase.co/storage/v1/object/public/book-covers/bookdash-9c9e663c-fe46-11e5-86aa-5e5517507c66.webp
04166e9d-c028-4488-aca7-0f94e0f00675,9c9e6754-fe46-11e5-86aa-5e5517507c66,https://bookdash.github.io/bookdash-books/a-fish-and-a-gift/en/images/cover.jpg,bookdash-9c9e6754-fe46-11e5-86aa-5e5517507c66.webp,https://zuwbshdvpnranzheswdn.supabase.co/storage/v1/object/public/book-covers/bookdash-9c9e6754-fe46-11e5-86aa-5e5517507c66.webp
c2820fc8-380f-46a4-86c5-9cb18f1179a7,9c9e6d12-fe46-11e5-86aa-5e5517507c66,https://bookdash.github.io/bookdash-books/zanele-situ-my-story/en/images/cover.jpg,bookdash-9c9e6d12-fe46-11e5-86aa-5e5517507c66.webp,https://zuwbshdvpnranzheswdn.supabase.co/storage/v1/object/public/book-covers/bookdash-9c9e6d12-fe46-11e5-86aa-5e5517507c66.webp
4019adf1-3050-4309-aa9b-b7725fb767fd,9c9e6e52-fe46-11e5-86aa-5e5517507c66,https://bookdash.github.io/bookdash-books/rafikis-style/en/images/cover.jpg,bookdash-9c9e6e52-fe46-11e5-86aa-5e5517507c66.webp,https://zuwbshdvpnranzheswdn.supabase.co/storage/v1/object/public/book-covers/bookdash-9c9e6e52-fe46-11e5-86aa-5e5517507c66.webp
f5f9e055-ce9a-4eb9-bcbe-056ddc7deed5,9c9e6f9c-fe46-11e5-86aa-5e5517507c66,https://bookdash.github.io/bookdash-books/tortoise-finds-his-home/en/images/cover.jpg,bookdash-9c9e6f9c-fe46-11e5-86aa-5e5517507c66.webp,https://zuwbshdvpnranzheswdn.supabase.co/storage/v1/object/public/book-covers/bookdash-9c9e6f9c-fe46-11e5-86aa-5e5517507c66.webp
8f33b276-ffd9-4334-8d1c-8fd462998e4a,9c9e71cc-fe46-11e5-86aa-5e5517507c66,https://bookdash.github.io/bookdash-books/gracas-dream/en/images/cover.jpg,bookdash-9c9e71cc-fe46-11e5-86aa-5e5517507c66.webp,https://zuwbshdvpnranzheswdn.supabase.co/storage/v1/object/public/book-covers/bookdash-9c9e71cc-fe46-11e5-86aa-5e5517507c66.webp
52d93876-df1b-4e27-b0e9-02c24a8ed4ea,9c9e72e4-fe46-11e5-86aa-5e5517507c66,https://bookdash.github.io/bookdash-books/a-house-for-mouse/en/images/cover.jpg,bookdash-9c9e72e4-fe46-11e5-86aa-5e5517507c66.webp,https://zuwbshdvpnranzheswdn.supabase.co/storage/v1/object/public/book-covers/bookdash-9c9e72e4-fe46-11e5-86aa-5e5517507c66.webp
357bf174-064b-4f3c-abfd-e06e6e42d69c,9c9e76ea-fe46-11e5-86aa-5e5517507c66,https://bookdash.github.io/bookdash-books/searching-for-the-spirit-of-spring/en/images/cover.jpg,bookdash-9c9e76ea-fe46-11e5-86aa-5e5517507c66.webp,https://zuwbshdvpnranzheswdn.supabase.co/storage/v1/object/public/book-covers/bookdash-9c9e76ea-fe46-11e5-86aa-5e5517507c66.webp
f35dd8ae-2408-46c0-8794-f7e931abddab,9c9e7820-fe46-11e5-86aa-5e5517507c66,https://bookdash.github.io/bookdash-books/come-back-cat/en/images/cover.jpg,bookdash-9c9e7820-fe46-11e5-86aa-5e5517507c66.webp,https://zuwbshdvpnranzheswdn.supabase.co/storage/v1/object/public/book-covers/bookdash-9c9e7820-fe46-11e5-86aa-5e5517507c66.webp
19074fad-f66a-49b2-9762-7ec152bef19d,9c9e7a6e-fe46-11e5-86aa-5e5517507c66,https://bookdash.github.io/bookdash-books/a-tiny-seed/en/images/cover.jpg,bookdash-9c9e7a6e-fe46-11e5-86aa-5e5517507c66.webp,https://zuwbshdvpnranzheswdn.supabase.co/storage/v1/object/public/book-covers/bookdash-9c9e7a6e-fe46-11e5-86aa-5e5517507c66.webp
c9885925-bd2c-41b1-8fd2-5ae7c7b3dd23,9c9e7b9a-fe46-11e5-86aa-5e5517507c66,https://bookdash.github.io/bookdash-books/amazing-daisy/en/images/cover.jpg,bookdash-9c9e7b9a-fe46-11e5-86aa-5e5517507c66.webp,https://zuwbshdvpnranzheswdn.supabase.co/storage/v1/object/public/book-covers/bookdash-9c9e7b9a-fe46-11e5-86aa-5e5517507c66.webp
67deeed1-8f5e-4b3e-90cc-c67bda9ecdc9,9c9e7cb2-fe46-11e5-86aa-5e5517507c66,https://bookdash.github.io/bookdash-books/sleepy-mr-sloth/en/images/cover.jpg,bookdash-9c9e7cb2-fe46-11e5-86aa-5e5517507c66.webp,https://zuwbshdvpnranzheswdn.supabase.co/storage/v1/object/public/book-covers/bookdash-9c9e7cb2-fe46-11e5-86aa-5e5517507c66.webp
0c1d19fe-f40c-4b5f-8bfb-65d5526e4a0c,9c9e7dca-fe46-11e5-86aa-5e5517507c66,https://bookdash.github.io/bookdash-books/maddy-moona/en/images/cover.jpg,bookdash-9c9e7dca-fe46-11e5-86aa-5e5517507c66.webp,https://zuwbshdvpnranzheswdn.supabase.co/storage/v1/object/public/book-covers/bookdash-9c9e7dca-fe46-11e5-86aa-5e5517507c66.webp
27c84efc-f68a-4a76-bef1-17acfbcc5a19,9c9e819e-fe46-11e5-86aa-5e5517507c66,https://bookdash.github.io/bookdash-books/how-about-you/en/images/cover.jpg,bookdash-9c9e819e-fe46-11e5-86aa-5e5517507c66.webp,https://zuwbshdvpnranzheswdn.supabase.co/storage/v1/object/public/book-covers/bookdash-9c9e819e-fe46-11e5-86aa-5e5517507c66.webp
b00a5b46-7616-4373-a9a7-58c1b176c386,9c9e83b0-fe46-11e5-86aa-5e5517507c66,https://bookdash.github.io/bookdash-books/lory-dory/en/images/cover.jpg,bookdash-9c9e83b0-fe46-11e5-86aa-5e5517507c66.webp,https://zuwbshdvpnranzheswdn.supabase.co/storage/v1/object/public/book-covers/bookdash-9c9e83b0-fe46-11e5-86aa-5e5517507c66.webp
74b531b1-4aa3-4b91-ae1e-00dd95e7e910,9c9e8586-fe46-11e5-86aa-5e5517507c66,https://bookdash.github.io/bookdash-books/a-dancers-tale/en/images/cover.jpg,bookdash-9c9e8586-fe46-11e5-86aa-5e5517507c66.webp,https://zuwbshdvpnranzheswdn.supabase.co/storage/v1/object/public/book-covers/bookdash-9c9e8586-fe46-11e5-86aa-5e5517507c66.webp
e50bd660-92c8-4938-b342-b43409bdb99f,9c9e86da-fe46-11e5-86aa-5e5517507c66,https://bookdash.github.io/bookdash-books/bathtub-safari/en/images/cover.jpg,bookdash-9c9e86da-fe46-11e5-86aa-5e5517507c66.webp,https://zuwbshdvpnranzheswdn.supabase.co/storage/v1/object/public/book-covers/bookdash-9c9e86da-fe46-11e5-86aa-5e5517507c66.webp
bf1cb69a-e1bf-4682-bdbf-c26422073983,9c9e87f2-fe46-11e5-86aa-5e5517507c66,https://bookdash.github.io/bookdash-books/sizwes-smile/en/images/cover.jpg,bookdash-9c9e87f2-fe46-11e5-86aa-5e5517507c66.webp,https://zuwbshdvpnranzheswdn.supabase.co/storage/v1/object/public/book-covers/bookdash-9c9e87f2-fe46-11e5-86aa-5e5517507c66.webp
83029b02-3c43-4984-9b1a-29097fce4cba,9c9e8c0c-fe46-11e5-86aa-5e5517507c66,https://bookdash.github.io/bookdash-books/is-there-anyone-like-me/en/images/cover.jpg,bookdash-9c9e8c0c-fe46-11e5-86aa-5e5517507c66.webp,https://zuwbshdvpnranzheswdn.supabase.co/storage/v1/object/public/book-covers/bookdash-9c9e8c0c-fe46-11e5-86aa-5e5517507c66.webp
5cacbb62-4e94-43c2-8ad3-26763b885d01,9c9e9102-fe46-11e5-86aa-5e5517507c66,https://bookdash.github.io/bookdash-books/walking-together/en/images/cover.jpg,bookdash-9c9e9102-fe46-11e5-86aa-5e5517507c66.webp,https://zuwbshdvpnranzheswdn.supabase.co/storage/v1/object/public/book-covers/bookdash-9c9e9102-fe46-11e5-86aa-5e5517507c66.webp
0b155b5c-1452-40c2-9e3a-60e56a98e2b8,9c9e9396-fe46-11e5-86aa-5e5517507c66,https://bookdash.github.io/bookdash-books/i-will-help-you/en/images/cover.jpg,bookdash-9c9e9396-fe46-11e5-86aa-5e5517507c66.webp,https://zuwbshdvpnranzheswdn.supabase.co/storage/v1/object/public/book-covers/bookdash-9c9e9396-fe46-11e5-86aa-5e5517507c66.webp
5b106471-9a5f-4a8d-ae41-2f48850c126c,9c9e94e0-fe46-11e5-86aa-5e5517507c66,https://bookdash.github.io/bookdash-books/a-beautiful-day/en/images/cover.jpg,bookdash-9c9e94e0-fe46-11e5-86aa-5e5517507c66.webp,https://zuwbshdvpnranzheswdn.supabase.co/storage/v1/object/public/book-covers/bookdash-9c9e94e0-fe46-11e5-86aa-5e5517507c66.webp
628c5344-ae17-4009-93ee-0679294e4bb9,9c9e96ac-fe46-11e5-86aa-5e5517507c66,https://bookdash.github.io/bookdash-books/londi-the-dreaming-girl/en/images/cover.jpg,bookdash-9c9e96ac-fe46-11e5-86aa-5e5517507c66.webp,https://zuwbshdvpnranzheswdn.supabase.co/storage/v1/object/public/book-covers/bookdash-9c9e96ac-fe46-11e5-86aa-5e5517507c66.webp
d5cc2dc5-1b50-49bb-afe2-8a156d2267b5,9c9e9e5e-fe46-11e5-86aa-5e5517507c66,https://bookdash.github.io/bookdash-books/karabos-question/en/images/cover.jpg,bookdash-9c9e9e5e-fe46-11e5-86aa-5e5517507c66.webp,https://zuwbshdvpnranzheswdn.supabase.co/storage/v1/object/public/book-covers/bookdash-9c9e9e5e-fe46-11e5-86aa-5e5517507c66.webp
5160e64e-7ad8-4e4d-8961-01d851861e14,9c9e9fc6-fe46-11e5-86aa-5e5517507c66,https://bookdash.github.io/bookdash-books/sbus-special-shoes/en/images/cover.jpg,bookdash-9c9e9fc6-fe46-11e5-86aa-5e5517507c66.webp,https://zuwbshdvpnranzheswdn.supabase.co/storage/v1/object/public/book-covers/bookdash-9c9e9fc6-fe46-11e5-86aa-5e5517507c66.webp
597540ce-cdfb-49d8-8f40-cdbbb18d5459,9c9ea21e-fe46-11e5-86aa-5e5517507c66,https://bookdash.github.io/bookdash-books/sindi-and-the-moon/en/images/cover.jpg,bookdash-9c9ea21e-fe46-11e5-86aa-5e5517507c66.webp,https://zuwbshdvpnranzheswdn.supabase.co/storage/v1/object/public/book-covers/bookdash-9c9ea21e-fe46-11e5-86aa-5e5517507c66.webp
e28d039f-9014-4f43-9577-12ed6f0b6655,9c9ea48a-fe46-11e5-86aa-5e5517507c66,https://bookdash.github.io/bookdash-books/there-must-be-a-rainbow/en/images/cover.jpg,bookdash-9c9ea48a-fe46-11e5-86aa-5e5517507c66.webp,https://zuwbshdvpnranzheswdn.supabase.co/storage/v1/object/public/book-covers/bookdash-9c9ea48a-fe46-11e5-86aa-5e5517507c66.webp
0d9d9fdd-4f51-489e-b075-7f1e6fec2efc,9c9ea96c-fe46-11e5-86aa-5e5517507c66,https://bookdash.github.io/bookdash-books/sima-and-siza/en/images/cover.jpg,bookdash-9c9ea96c-fe46-11e5-86aa-5e5517507c66.webp,https://zuwbshdvpnranzheswdn.supabase.co/storage/v1/object/public/book-covers/bookdash-9c9ea96c-fe46-11e5-86aa-5e5517507c66.webp
0d5c90ad-cd47-46e1-a80a-2ba005b3c73b,9c9eb2cc-fe46-11e5-86aa-5e5517507c66,https://bookdash.github.io/bookdash-books/whose-button-is-this/en/images/cover.jpg,bookdash-9c9eb2cc-fe46-11e5-86aa-5e5517507c66.webp,https://zuwbshdvpnranzheswdn.supabase.co/storage/v1/object/public/book-covers/bookdash-9c9eb2cc-fe46-11e5-86aa-5e5517507c66.webp
cd5ff244-b4fa-4dbf-8219-08bf75f18596,9c9eb452-fe46-11e5-86aa-5e5517507c66,https://bookdash.github.io/bookdash-books/i-can-dress-myself/en/images/cover.jpg,bookdash-9c9eb452-fe46-11e5-86aa-5e5517507c66.webp,https://zuwbshdvpnranzheswdn.supabase.co/storage/v1/object/public/book-covers/bookdash-9c9eb452-fe46-11e5-86aa-5e5517507c66.webp
d62b23c2-0e5a-4a48-a8dc-d34a3a496615,9c9eb574-fe46-11e5-86aa-5e5517507c66,https://bookdash.github.io/bookdash-books/hugs-in-the-city/en/images/cover.jpg,bookdash-9c9eb574-fe46-11e5-86aa-5e5517507c66.webp,https://zuwbshdvpnranzheswdn.supabase.co/storage/v1/object/public/book-covers/bookdash-9c9eb574-fe46-11e5-86aa-5e5517507c66.webp
843f348f-7e69-4a1f-84b3-0eaae42a3d62,9c9eb68c-fe46-11e5-86aa-5e5517507c66,https://bookdash.github.io/bookdash-books/thatos-birthday-surprise/en/images/cover.jpg,bookdash-9c9eb68c-fe46-11e5-86aa-5e5517507c66.webp,https://zuwbshdvpnranzheswdn.supabase.co/storage/v1/object/public/book-covers/bookdash-9c9eb68c-fe46-11e5-86aa-5e5517507c66.webp
ef15e04e-276e-43e2-9d0e-3e1baf4329bf,9c9eb7e0-fe46-11e5-86aa-5e5517507c66,https://bookdash.github.io/bookdash-books/mrs-penguins-palace/en/images/cover.jpg,bookdash-9c9eb7e0-fe46-11e5-86aa-5e5517507c66.webp,https://zuwbshdvpnranzheswdn.supabase.co/storage/v1/object/public/book-covers/bookdash-9c9eb7e0-fe46-11e5-86aa-5e5517507c66.webp
cf14fa0e-3376-4e68-85d4-c9e2a4854403,9c9ebdc6-fe46-11e5-86aa-5e5517507c66,https://bookdash.github.io/bookdash-books/what-is-it/en/images/cover.jpg,bookdash-9c9ebdc6-fe46-11e5-86aa-5e5517507c66.webp,https://zuwbshdvpnranzheswdn.supabase.co/storage/v1/object/public/book-covers/bookdash-9c9ebdc6-fe46-11e5-86aa-5e5517507c66.webp
2af1951a-e420-4b2d-9fd2-0e0378081d00,9c9ec05a-fe46-11e5-86aa-5e5517507c66,https://bookdash.github.io/bookdash-books/the-elephant-in-the-room/en/images/cover.jpg,bookdash-9c9ec05a-fe46-11e5-86aa-5e5517507c66.webp,https://zuwbshdvpnranzheswdn.supabase.co/storage/v1/object/public/book-covers/bookdash-9c9ec05a-fe46-11e5-86aa-5e5517507c66.webp
92efecf3-2aa2-4857-9b69-c79e5e6efebf,9c9f3292-fe46-11e5-86aa-5e5517507c66,https://bookdash.github.io/bookdash-books/what-if/en/images/cover.jpg,bookdash-9c9f3292-fe46-11e5-86aa-5e5517507c66.webp,https://zuwbshdvpnranzheswdn.supabase.co/storage/v1/object/public/book-covers/bookdash-9c9f3292-fe46-11e5-86aa-5e5517507c66.webp
9f4abcc9-f4f5-4b29-abf3-b6db4fa9dbea,9c9f41f6-fe46-11e5-86aa-5e5517507c66,https://bookdash.github.io/bookdash-books/shongololos-shoes/en/images/cover.jpg,bookdash-9c9f41f6-fe46-11e5-86aa-5e5517507c66.webp,https://zuwbshdvpnranzheswdn.supabase.co/storage/v1/object/public/book-covers/bookdash-9c9f41f6-fe46-11e5-86aa-5e5517507c66.webp
1265413c-6f2e-4975-a456-15f1d4ebcd64,9c9f450c-fe46-11e5-86aa-5e5517507c66,https://bookdash.github.io/bookdash-books/springloaded/en/images/cover.jpg,bookdash-9c9f450c-fe46-11e5-86aa-5e5517507c66.webp,https://zuwbshdvpnranzheswdn.supabase.co/storage/v1/object/public/book-covers/bookdash-9c9f450c-fe46-11e5-86aa-5e5517507c66.webp
589a9cb7-ad60-4ba5-b452-6914bb73be14,9c9f471e-fe46-11e5-86aa-5e5517507c66,https://bookdash.github.io/bookdash-books/when-i-grow-up/en/images/cover.jpg,bookdash-9c9f471e-fe46-11e5-86aa-5e5517507c66.webp,https://zuwbshdvpnranzheswdn.supabase.co/storage/v1/object/public/book-covers/bookdash-9c9f471e-fe46-11e5-86aa-5e5517507c66.webp
67fb3f9c-30fb-46c4-8430-1bc673767e74,9c9f485e-fe46-11e5-86aa-5e5517507c66,https://bookdash.github.io/bookdash-books/who-is-our-friend/en/images/cover.jpg,bookdash-9c9f485e-fe46-11e5-86aa-5e5517507c66.webp,https://zuwbshdvpnranzheswdn.supabase.co/storage/v1/object/public/book-covers/bookdash-9c9f485e-fe46-11e5-86aa-5e5517507c66.webp
999dc967-1a74-4942-9930-03d2a9010644,9c9f4976-fe46-11e5-86aa-5e5517507c66,https://bookdash.github.io/bookdash-books/hippo-wants-to-dance/en/images/cover.jpg,bookdash-9c9f4976-fe46-11e5-86aa-5e5517507c66.webp,https://zuwbshdvpnranzheswdn.supabase.co/storage/v1/object/public/book-covers/bookdash-9c9f4976-fe46-11e5-86aa-5e5517507c66.webp
724aff4e-525a-424f-9c53-e8b946533f6e,9c9f4da4-fe46-11e5-86aa-5e5517507c66,https://bookdash.github.io/bookdash-books/little-sock/en/images/cover.jpg,bookdash-9c9f4da4-fe46-11e5-86aa-5e5517507c66.webp,https://zuwbshdvpnranzheswdn.supabase.co/storage/v1/object/public/book-covers/bookdash-9c9f4da4-fe46-11e5-86aa-5e5517507c66.webp
1252ee12-ec89-4377-8b66-04259aae2b24,9c9f566e-fe46-11e5-86aa-5e5517507c66,https://bookdash.github.io/bookdash-books/lara-the-yellow-ladybird/en/images/cover.jpg,bookdash-9c9f566e-fe46-11e5-86aa-5e5517507c66.webp,https://zuwbshdvpnranzheswdn.supabase.co/storage/v1/object/public/book-covers/bookdash-9c9f566e-fe46-11e5-86aa-5e5517507c66.webp
c1058cd0-3edb-4f48-a3f6-edf593ce0424,9c9f5790-fe46-11e5-86aa-5e5517507c66,https://bookdash.github.io/bookdash-books/the-best-thing-ever/en/images/cover.jpg,bookdash-9c9f5790-fe46-11e5-86aa-5e5517507c66.webp,https://zuwbshdvpnranzheswdn.supabase.co/storage/v1/object/public/book-covers/bookdash-9c9f5790-fe46-11e5-86aa-5e5517507c66.webp
0413f082-7a20-4736-9951-7f509212dc76,9c9ffed4-fe46-11e5-86aa-5e5517507c66,https://bookdash.github.io/bookdash-books/it-wasnt-me/en/images/cover.jpg,bookdash-9c9ffed4-fe46-11e5-86aa-5e5517507c66.webp,https://zuwbshdvpnranzheswdn.supabase.co/storage/v1/object/public/book-covers/bookdash-9c9ffed4-fe46-11e5-86aa-5e5517507c66.webp
632e167e-627e-4497-a141-88da08836a17,9c9fffba-fe46-11e5-86aa-5e5517507c66,https://bookdash.github.io/bookdash-books/katiitis-song/en/images/cover.jpg,bookdash-9c9fffba-fe46-11e5-86aa-5e5517507c66.webp,https://zuwbshdvpnranzheswdn.supabase.co/storage/v1/object/public/book-covers/bookdash-9c9fffba-fe46-11e5-86aa-5e5517507c66.webp
1eb267e9-6915-4752-a9e8-6f4fb17c71ba,9ca00316-fe46-11e5-86aa-5e5517507c66,https://bookdash.github.io/bookdash-books/the-lion-who-wouldnt-try/en/images/cover.jpg,bookdash-9ca00316-fe46-11e5-86aa-5e5517507c66.webp,https://zuwbshdvpnranzheswdn.supabase.co/storage/v1/object/public/book-covers/bookdash-9ca00316-fe46-11e5-86aa-5e5517507c66.webp
cf26dae0-eba7-40bb-a4d4-6242b379c1ba,a-day-out,https://bookdash.org/wp-content/uploads/2020/11/a-day-out_en_20201104_cover.jpg,bookdash-a-day-out.webp,https://zuwbshdvpnranzheswdn.supabase.co/storage/v1/object/public/book-covers/bookdash-a-day-out.webp
0134f341-7b58-4c7c-b17a-8d4e036dcd72,a-trip-to-the-tap,https://bookdash.org/wp-content/uploads/2023/11/9781776231126.jpg,bookdash-a-trip-to-the-tap.webp,https://zuwbshdvpnranzheswdn.supabase.co/storage/v1/object/public/book-covers/bookdash-a-trip-to-the-tap.webp
3e219305-97f9-49a7-8a80-0c6767145af7,a-very-busy-day,https://bookdash.org/wp-content/uploads/2019/11/a-very-busy-day_en_20191124_cover.jpg,bookdash-a-very-busy-day.webp,https://zuwbshdvpnranzheswdn.supabase.co/storage/v1/object/public/book-covers/bookdash-a-very-busy-day.webp
87069ecb-b546-4cbe-b8b4-bca723b43f12,aaaaahhh-mmawe,https://bookdash.org/wp-content/uploads/2024/09/978-1-77632-592-4.jpg,bookdash-aaaaahhh-mmawe.webp,https://zuwbshdvpnranzheswdn.supabase.co/storage/v1/object/public/book-covers/bookdash-aaaaahhh-mmawe.webp
2866e4c4-22f2-4acc-a12c-b88552820fe6,alexs-super-medicine,https://bookdash.org/wp-content/uploads/2022/06/alexs-super-medicine_en_20220606_cover.jpg,bookdash-alexs-super-medicine.webp,https://zuwbshdvpnranzheswdn.supabase.co/storage/v1/object/public/book-covers/bookdash-alexs-super-medicine.webp
f3e5da2f-a04d-4b08-ac81-4dee971c15e8,amahle-wants-to-help,https://bookdash.org/wp-content/uploads/2023/10/9781776230372.jpg,bookdash-amahle-wants-to-help.webp,https://zuwbshdvpnranzheswdn.supabase.co/storage/v1/object/public/book-covers/bookdash-amahle-wants-to-help.webp
c7a9c656-dc93-46a0-b16e-dfbef88e62b7,and-also,https://bookdash.org/wp-content/uploads/2018/01/and-also_20180111_cover.jpg,bookdash-and-also.webp,https://zuwbshdvpnranzheswdn.supabase.co/storage/v1/object/public/book-covers/bookdash-and-also.webp
c5bbb00e-1d95-405a-bb4f-6b35a27c582e,ann-nem-oh-nee-finds-adventure,https://bookdash.org/wp-content/uploads/2018/03/ann-nem-oh-nee-finds-adventure_en_20180329_cover-4-scaled.jpg,bookdash-ann-nem-oh-nee-finds-adventure.webp,https://zuwbshdvpnranzheswdn.supabase.co/storage/v1/object/public/book-covers/bookdash-ann-nem-oh-nee-finds-adventure.webp
6e802972-1993-4171-82e0-4c989d19f97a,auntie-bois-gift,https://bookdash.org/wp-content/uploads/2019/02/auntie-bois-gift_en_20190114_cover-2.jpg,bookdash-auntie-bois-gift.webp,https://zuwbshdvpnranzheswdn.supabase.co/storage/v1/object/public/book-covers/bookdash-auntie-bois-gift.webp
22a4f65f-df39-44c3-863f-81d7855e35c0,baby-babble,https://bookdash.org/wp-content/uploads/2019/05/baby-babble_en_20190527_cover.jpg,bookdash-baby-babble.webp,https://zuwbshdvpnranzheswdn.supabase.co/storage/v1/object/public/book-covers/bookdash-baby-babble.webp
ecd263ae-03ed-4be9-bc7b-29392fc9bbc1,baby-talk,https://bookdash.org/wp-content/uploads/2023/03/Baby-Talk-Cover_single.jpg,bookdash-baby-talk.webp,https://zuwbshdvpnranzheswdn.supabase.co/storage/v1/object/public/book-covers/bookdash-baby-talk.webp
b799bdd3-5278-4e81-afca-71e1c04dc32d,babys-first-family-photo,https://bookdash.org/wp-content/uploads/2019/05/babys-first-family-photo_en_20190506_cover.jpg,bookdash-babys-first-family-photo.webp,https://zuwbshdvpnranzheswdn.supabase.co/storage/v1/object/public/book-covers/bookdash-babys-first-family-photo.webp
aaf10a7e-6b50-4840-8999-3f2c76a2c731,banzis-busy-bees,https://bookdash.org/wp-content/uploads/2025/10/banzis-busy-bees_en_cover.jpg,bookdash-banzis-busy-bees.webp,https://zuwbshdvpnranzheswdn.supabase.co/storage/v1/object/public/book-covers/bookdash-banzis-busy-bees.webp
675f14ab-3ae0-43ce-8fac-29b739e91f9f,best-friends,https://bookdash.org/wp-content/uploads/2025/10/best-friends_en_cover.jpg,bookdash-best-friends.webp,https://zuwbshdvpnranzheswdn.supabase.co/storage/v1/object/public/book-covers/bookdash-best-friends.webp
0d8e6037-07b1-49ed-ab89-354d76828f59,brave-bora,https://bookdash.org/wp-content/uploads/2021/10/brave-bora_en_20211005_cover-1.jpg,bookdash-brave-bora.webp,https://zuwbshdvpnranzheswdn.supabase.co/storage/v1/object/public/book-covers/bookdash-brave-bora.webp
56027756-fc5d-45f9-8b8c-fe33727e6089,catch-that-cat,https://bookdash.org/wp-content/uploads/2022/11/catch-that-cat_en_978-1-928497-94-3.jpg,bookdash-catch-that-cat.webp,https://zuwbshdvpnranzheswdn.supabase.co/storage/v1/object/public/book-covers/bookdash-catch-that-cat.webp
e94ddaa4-9c99-43ea-bc20-591579b05a9a,circles,https://bookdash.org/wp-content/uploads/2018/01/circles_20180111_cover.jpg,bookdash-circles.webp,https://zuwbshdvpnranzheswdn.supabase.co/storage/v1/object/public/book-covers/bookdash-circles.webp
fae0aa5d-ff86-4eb2-9309-72768b0323d3,clever-pig,https://bookdash.org/wp-content/uploads/2017/02/9781928377252.jpg,bookdash-clever-pig.webp,https://zuwbshdvpnranzheswdn.supabase.co/storage/v1/object/public/book-covers/bookdash-clever-pig.webp
8a48de8f-ad59-448a-b18f-f15e36ed5a54,come-stay-with-me,https://bookdash.org/wp-content/uploads/2019/11/come-stay-with-me_en_20191122_cover.jpg,bookdash-come-stay-with-me.webp,https://zuwbshdvpnranzheswdn.supabase.co/storage/v1/object/public/book-covers/bookdash-come-stay-with-me.webp
0ccaf56f-82f8-493d-824e-3411c5f1d361,dance-khuzwayo-dance,https://bookdash.org/wp-content/uploads/2023/03/cover.jpg,bookdash-dance-khuzwayo-dance.webp,https://zuwbshdvpnranzheswdn.supabase.co/storage/v1/object/public/book-covers/bookdash-dance-khuzwayo-dance.webp
cdd9d224-fe05-4f19-8b91-e1517bfb8e76,dance-mihlali,https://bookdash.org/wp-content/uploads/2019/02/dance-mihlali_en_20181206_cover.jpg,bookdash-dance-mihlali.webp,https://zuwbshdvpnranzheswdn.supabase.co/storage/v1/object/public/book-covers/bookdash-dance-mihlali.webp
d89a1df3-ea6a-48c8-b269-00495aecd2d9,dudus-hat,https://bookdash.org/wp-content/uploads/2019/11/dudus-hat_en_20191107_cover.jpg,bookdash-dudus-hat.webp,https://zuwbshdvpnranzheswdn.supabase.co/storage/v1/object/public/book-covers/bookdash-dudus-hat.webp
c478f548-1cfd-4ab3-8477-24e4c0abc278,egg,https://bookdash.org/wp-content/uploads/2020/11/egg_en_20201023_cover.jpg,bookdash-egg.webp,https://zuwbshdvpnranzheswdn.supabase.co/storage/v1/object/public/book-covers/bookdash-egg.webp
2ba62d91-9022-4378-a8a9-5bc4f62ab718,feathered-friends,https://bookdash.org/wp-content/uploads/2018/01/feathered-friends_20180117_cover.jpg,bookdash-feathered-friends.webp,https://zuwbshdvpnranzheswdn.supabase.co/storage/v1/object/public/book-covers/bookdash-feathered-friends.webp
deee2409-10d2-4280-891c-2cbba9c7d204,fifi-and-teddy,https://bookdash.org/wp-content/uploads/2022/11/fifi-and-teddy_en_20221127_cover.jpg,bookdash-fifi-and-teddy.webp,https://zuwbshdvpnranzheswdn.supabase.co/storage/v1/object/public/book-covers/bookdash-fifi-and-teddy.webp
e6fc9794-5ba4-4aa0-b157-1c1ff1d7212a,foxy-joxy-plays-a-trick,https://bookdash.org/wp-content/uploads/2017/03/foxy-joxy-plays-a-trick_english_20170320_cover.jpg,bookdash-foxy-joxy-plays-a-trick.webp,https://zuwbshdvpnranzheswdn.supabase.co/storage/v1/object/public/book-covers/bookdash-foxy-joxy-plays-a-trick.webp
9f6ae9f9-8564-485d-95ba-bd967667d225,going-places,https://bookdash.org/wp-content/uploads/2025/10/going-places_en_cover-3.jpg,bookdash-going-places.webp,https://zuwbshdvpnranzheswdn.supabase.co/storage/v1/object/public/book-covers/bookdash-going-places.webp
8cc7bf10-8e4f-4914-9747-a7ecc9b33d16,grandpa-farouks-garden,https://bookdash.org/wp-content/uploads/2018/07/grandpa-farouks-garden_en_20180618_cover.jpg,bookdash-grandpa-farouks-garden.webp,https://zuwbshdvpnranzheswdn.supabase.co/storage/v1/object/public/book-covers/bookdash-grandpa-farouks-garden.webp
02e065ba-f680-4f4e-b893-969c6eed9086,grumpy-cloud,https://bookdash.org/wp-content/uploads/2024/09/978-1-77632-588-7.jpg,bookdash-grumpy-cloud.webp,https://zuwbshdvpnranzheswdn.supabase.co/storage/v1/object/public/book-covers/bookdash-grumpy-cloud.webp
952a8b40-7487-4259-9d4e-f2c093dff525,hello,https://bookdash.org/wp-content/uploads/2017/03/hello_english_20170315_cover.jpg,bookdash-hello.webp,https://zuwbshdvpnranzheswdn.supabase.co/storage/v1/object/public/book-covers/bookdash-hello.webp
79c9051e-7b0b-460c-8195-74db2c2b11ae,hello-baby,https://bookdash.org/wp-content/uploads/2019/05/hello-baby_en_20190520_cover.jpg,bookdash-hello-baby.webp,https://zuwbshdvpnranzheswdn.supabase.co/storage/v1/object/public/book-covers/bookdash-hello-baby.webp
f342a01b-5a50-4247-99b0-90269c8e25f3,how-do-you-eat,https://bookdash.org/wp-content/uploads/2025/10/how-do-you-eat_en_cover.jpg,bookdash-how-do-you-eat.webp,https://zuwbshdvpnranzheswdn.supabase.co/storage/v1/object/public/book-covers/bookdash-how-do-you-eat.webp
40d0c8d8-4105-4f11-b537-af9f228fc944,how-do-you-sleep,https://bookdash.org/wp-content/uploads/2022/05/how-do-you-sleep_en_20220520_cover-2.jpg,bookdash-how-do-you-sleep.webp,https://zuwbshdvpnranzheswdn.supabase.co/storage/v1/object/public/book-covers/bookdash-how-do-you-sleep.webp
c00bcc44-4c53-4972-a7a3-15c81082281d,how-do-you-want-your-eggs,https://bookdash.org/wp-content/uploads/2023/11/9781776231164.jpg,bookdash-how-do-you-want-your-eggs.webp,https://zuwbshdvpnranzheswdn.supabase.co/storage/v1/object/public/book-covers/bookdash-how-do-you-want-your-eggs.webp
4bfa8594-c4a7-417e-ab73-b6d29c6e1cf6,how-to-tame-a-monster,https://bookdash.org/wp-content/uploads/2021/05/how-to-tame-a-monster_en_20210524_cover.jpg,bookdash-how-to-tame-a-monster.webp,https://zuwbshdvpnranzheswdn.supabase.co/storage/v1/object/public/book-covers/bookdash-how-to-tame-a-monster.webp
e14becde-06a8-4128-9012-3c40a321de7b,i-dont-want-to-go-to-sleep,https://bookdash.org/wp-content/uploads/2019/02/i-dont-want-to-go-to-sleep_en_20190114_cover.jpg,bookdash-i-dont-want-to-go-to-sleep.webp,https://zuwbshdvpnranzheswdn.supabase.co/storage/v1/object/public/book-covers/bookdash-i-dont-want-to-go-to-sleep.webp
ff4d992b-714d-49b1-9544-d3aed26b8c4f,i-hate-winter,https://bookdash.org/wp-content/uploads/2024/09/978-1-77632-587-0.jpg,bookdash-i-hate-winter.webp,https://zuwbshdvpnranzheswdn.supabase.co/storage/v1/object/public/book-covers/bookdash-i-hate-winter.webp
ef386159-4d22-4c8e-b3d6-21101c495883,i-want-to,https://bookdash.org/wp-content/uploads/2019/05/i-want-to_en_20190503_cover.jpg,bookdash-i-want-to.webp,https://zuwbshdvpnranzheswdn.supabase.co/storage/v1/object/public/book-covers/bookdash-i-want-to.webp
39064281-ce25-4914-8354-a44a36e4cb9c,im-the-colour-of-honey,https://bookdash.org/wp-content/uploads/2019/11/im-the-colour-of-honey_en_20191124_cover.jpg,bookdash-im-the-colour-of-honey.webp,https://zuwbshdvpnranzheswdn.supabase.co/storage/v1/object/public/book-covers/bookdash-im-the-colour-of-honey.webp
82bd3216-5d7e-4b83-b573-b76f8eb7bc8a,its-my-birthday,https://bookdash.org/wp-content/uploads/2023/11/9781776230389.jpg,bookdash-its-my-birthday.webp,https://zuwbshdvpnranzheswdn.supabase.co/storage/v1/object/public/book-covers/bookdash-its-my-birthday.webp
eeb6be8c-658b-456a-86ce-670d5fba336f,its-my-book,https://bookdash.org/wp-content/uploads/2024/09/978-1-77632-585-6.jpg,bookdash-its-my-book.webp,https://zuwbshdvpnranzheswdn.supabase.co/storage/v1/object/public/book-covers/bookdash-its-my-book.webp
9692bc19-d074-4e6c-99b9-ce9a4033332b,joannas-grannies,https://bookdash.org/wp-content/uploads/2022/05/joannas-grannies_en_20220529_cover.jpg,bookdash-joannas-grannies.webp,https://zuwbshdvpnranzheswdn.supabase.co/storage/v1/object/public/book-covers/bookdash-joannas-grannies.webp
ebca5f20-33c0-4245-81ea-362f0463b11e,jock-and-me,https://bookdash.org/wp-content/uploads/2024/09/jock-and-me_en_cover.jpg,bookdash-jock-and-me.webp,https://zuwbshdvpnranzheswdn.supabase.co/storage/v1/object/public/book-covers/bookdash-jock-and-me.webp
321a0c70-bd69-4b8b-9535-f801bf6064d8,julia-loves-books,https://bookdash.org/wp-content/uploads/2024/09/978-1-77632-594-8.jpg,bookdash-julia-loves-books.webp,https://zuwbshdvpnranzheswdn.supabase.co/storage/v1/object/public/book-covers/bookdash-julia-loves-books.webp
c63d4975-b5e2-4da4-b6c8-171029d29142,just-like-me,https://bookdash.org/wp-content/uploads/2018/01/just-like-me_20180111_cover.jpg,bookdash-just-like-me.webp,https://zuwbshdvpnranzheswdn.supabase.co/storage/v1/object/public/book-covers/bookdash-just-like-me.webp
5f8be1d2-c964-4899-b7ff-5b99662cf1bc,khaya-wants-to-row,https://bookdash.org/wp-content/uploads/2025/10/khaya-wants-to-row_en_cover.jpg,bookdash-khaya-wants-to-row.webp,https://zuwbshdvpnranzheswdn.supabase.co/storage/v1/object/public/book-covers/bookdash-khaya-wants-to-row.webp
f50cd955-b36f-469e-8239-e30ff007a629,knight-times,https://bookdash.org/wp-content/uploads/2018/01/knight-times_20180117_cover.jpg,bookdash-knight-times.webp,https://zuwbshdvpnranzheswdn.supabase.co/storage/v1/object/public/book-covers/bookdash-knight-times.webp
cf3733f9-5fb2-410a-90a8-2322e25ae2f3,lebo-and-gogos-tea-party,https://bookdash.org/wp-content/uploads/2022/12/lebo-and-gogos-tea-party_en_20221201_cover.jpg,bookdash-lebo-and-gogos-tea-party.webp,https://zuwbshdvpnranzheswdn.supabase.co/storage/v1/object/public/book-covers/bookdash-lebo-and-gogos-tea-party.webp
ea4fb741-e0c3-4b6c-85c2-a03fe45fa5eb,lesedis-sandbox,https://bookdash.org/wp-content/uploads/2020/05/lesedis-sandbox_en_20200515_cover.jpg,bookdash-lesedis-sandbox.webp,https://zuwbshdvpnranzheswdn.supabase.co/storage/v1/object/public/book-covers/bookdash-lesedis-sandbox.webp
a8aa157b-cbd6-4e85-bdec-2fca0a8f0671,lets-be-friends,https://bookdash.org/wp-content/uploads/2022/05/lets-be-friends_en_20220529_cover.jpg,bookdash-lets-be-friends.webp,https://zuwbshdvpnranzheswdn.supabase.co/storage/v1/object/public/book-covers/bookdash-lets-be-friends.webp
b7875ced-ca14-4fd8-bb71-3f6547cf90d9,lets-go-on-a-litter-hunt,https://bookdash.org/wp-content/uploads/2023/11/9781776231232.jpg,bookdash-lets-go-on-a-litter-hunt.webp,https://zuwbshdvpnranzheswdn.supabase.co/storage/v1/object/public/book-covers/bookdash-lets-go-on-a-litter-hunt.webp
1e1993d1-19a6-4af8-91a9-991deef5de7e,lets-have-an-inside-day,https://bookdash.org/wp-content/uploads/2018/12/lets-have-an-inside-day_en_20181128_cover-3.jpg,bookdash-lets-have-an-inside-day.webp,https://zuwbshdvpnranzheswdn.supabase.co/storage/v1/object/public/book-covers/bookdash-lets-have-an-inside-day.webp
33b3de0c-a6b3-4bce-90f7-cc626cf39ee6,lets-party,https://bookdash.org/wp-content/uploads/2023/10/9781776230396.jpg,bookdash-lets-party.webp,https://zuwbshdvpnranzheswdn.supabase.co/storage/v1/object/public/book-covers/bookdash-lets-party.webp
06e08fb3-bc8c-47cf-8807-2d135239e564,lions-are-always-brave,https://bookdash.org/wp-content/uploads/2019/02/lions-are-always-brave_en_20190114_cover.jpg,bookdash-lions-are-always-brave.webp,https://zuwbshdvpnranzheswdn.supabase.co/storage/v1/object/public/book-covers/bookdash-lions-are-always-brave.webp
1d128e9d-5313-4fc9-a555-3ad2d4743e0f,little-goat,https://bookdash.org/wp-content/uploads/2017/02/little-goat_english_20170208_cover.jpg,bookdash-little-goat.webp,https://zuwbshdvpnranzheswdn.supabase.co/storage/v1/object/public/book-covers/bookdash-little-goat.webp
21ad89dc-008f-443e-933b-4f40715c97ba,little-shoots,https://bookdash.org/wp-content/uploads/2021/05/little-shoots_en_20210525_cover.jpg,bookdash-little-shoots.webp,https://zuwbshdvpnranzheswdn.supabase.co/storage/v1/object/public/book-covers/bookdash-little-shoots.webp
7a37a7bd-e03b-4b23-869e-1beacce85e14,lonwabos-recipes,https://bookdash.org/wp-content/uploads/2017/07/lonwabos-recipes_english_20170320_cover.jpg,bookdash-lonwabos-recipes.webp,https://zuwbshdvpnranzheswdn.supabase.co/storage/v1/object/public/book-covers/bookdash-lonwabos-recipes.webp
4fd1c428-bf99-47b0-9da0-26161c91cd4c,look-out-luthando,https://bookdash.org/wp-content/uploads/2022/11/look-out-luthando_en_20221127_cover.jpg,bookdash-look-out-luthando.webp,https://zuwbshdvpnranzheswdn.supabase.co/storage/v1/object/public/book-covers/bookdash-look-out-luthando.webp
0cb08289-1f83-4070-bd84-ab447c1ae6cd,look-up,https://bookdash.org/wp-content/uploads/2021/10/look-up_en_20211014_cover.jpg,bookdash-look-up.webp,https://zuwbshdvpnranzheswdn.supabase.co/storage/v1/object/public/book-covers/bookdash-look-up.webp
646e6788-bbb4-407b-8af3-451111a22f67,malis-friend,https://bookdash.org/wp-content/uploads/2018/11/malis-friend_en_20181120_cover.jpg,bookdash-malis-friend.webp,https://zuwbshdvpnranzheswdn.supabase.co/storage/v1/object/public/book-covers/bookdash-malis-friend.webp
dd878e8a-92a0-4af7-ae23-7478af4907f3,mama-antelopes-house,https://bookdash.org/wp-content/uploads/2019/11/mama-antelopes-house_em_20191121_cover.jpg,bookdash-mama-antelopes-house.webp,https://zuwbshdvpnranzheswdn.supabase.co/storage/v1/object/public/book-covers/bookdash-mama-antelopes-house.webp
f9612e10-529d-4d3f-a1a3-81b6ccb07df9,mama-whats-for-lunch,https://bookdash.org/wp-content/uploads/2021/10/mama-whats-for-lunch_en_20210929_cover.jpg,bookdash-mama-whats-for-lunch.webp,https://zuwbshdvpnranzheswdn.supabase.co/storage/v1/object/public/book-covers/bookdash-mama-whats-for-lunch.webp
0c079336-712e-4987-ab02-874582d81320,matthew-is-up,https://bookdash.org/wp-content/uploads/2022/11/matthew-is-up_en_978-1-928497-91-2-rotated.jpg,bookdash-matthew-is-up.webp,https://zuwbshdvpnranzheswdn.supabase.co/storage/v1/object/public/book-covers/bookdash-matthew-is-up.webp
8ebde654-78c9-48f0-b838-07fb55ce6039,mazi-learns-to-play,https://bookdash.org/wp-content/uploads/2024/09/978-1-77632-586-3.jpg,bookdash-mazi-learns-to-play.webp,https://zuwbshdvpnranzheswdn.supabase.co/storage/v1/object/public/book-covers/bookdash-mazi-learns-to-play.webp
dc9f99e8-5bc9-4d9b-843e-94c033b274a2,meerkat-magic,https://bookdash.org/wp-content/uploads/2022/05/meerkat-magic_en_20220523_cover.jpg,bookdash-meerkat-magic.webp,https://zuwbshdvpnranzheswdn.supabase.co/storage/v1/object/public/book-covers/bookdash-meerkat-magic.webp
58ef7e66-a5c9-465f-88ac-45a7e85b7d3c,mina-and-the-birthday-dress,https://bookdash.org/wp-content/uploads/2017/05/mina-and-the-birthday-dress_english_20170503_cover.jpg,bookdash-mina-and-the-birthday-dress.webp,https://zuwbshdvpnranzheswdn.supabase.co/storage/v1/object/public/book-covers/bookdash-mina-and-the-birthday-dress.webp
ccfcf333-3374-4e96-805b-045098c0512e,miss-tiny-chef,https://bookdash.org/wp-content/uploads/2017/03/miss-tiny-chef_english_20170330_cover.jpg,bookdash-miss-tiny-chef.webp,https://zuwbshdvpnranzheswdn.supabase.co/storage/v1/object/public/book-covers/bookdash-miss-tiny-chef.webp
a1e616ec-d4e1-46d0-b7d9-8310690ea0d9,moms-hands,https://bookdash.org/wp-content/uploads/2025/10/moms-hands_en_cover.jpg,bookdash-moms-hands.webp,https://zuwbshdvpnranzheswdn.supabase.co/storage/v1/object/public/book-covers/bookdash-moms-hands.webp
04ce47dd-8cea-44a5-a997-f4d0b4998237,moms-red-coat,https://bookdash.org/wp-content/uploads/2022/12/moms-red-coat_en_20221201_cover.jpg,bookdash-moms-red-coat.webp,https://zuwbshdvpnranzheswdn.supabase.co/storage/v1/object/public/book-covers/bookdash-moms-red-coat.webp
925af047-c4ed-455e-a2a8-8a04e509c817,monkey-business,https://bookdash.org/wp-content/uploads/2023/10/9781776230365.jpg,bookdash-monkey-business.webp,https://zuwbshdvpnranzheswdn.supabase.co/storage/v1/object/public/book-covers/bookdash-monkey-business.webp
0c2d62fa-054c-4f3a-901a-86eb4933fab1,mud,https://bookdash.org/wp-content/uploads/2023/10/9781776230402.jpg,bookdash-mud.webp,https://zuwbshdvpnranzheswdn.supabase.co/storage/v1/object/public/book-covers/bookdash-mud.webp
e551ff12-26d6-4872-a963-d1f969037c68,my-dream-in-the-drawer,https://bookdash.org/wp-content/uploads/2017/02/my-dream-in-the-drawer_20161214_cover.jpg,bookdash-my-dream-in-the-drawer.webp,https://zuwbshdvpnranzheswdn.supabase.co/storage/v1/object/public/book-covers/bookdash-my-dream-in-the-drawer.webp
ee660f2e-0675-4fd1-b388-00209b145792,my-inside-weather,https://bookdash.org/wp-content/uploads/2018/01/my-inside-weather_20180115_cover.jpg,bookdash-my-inside-weather.webp,https://zuwbshdvpnranzheswdn.supabase.co/storage/v1/object/public/book-covers/bookdash-my-inside-weather.webp
25a52916-d5b1-44d4-a49f-0f85b0bf3cb9,my-special-blankie,https://bookdash.org/wp-content/uploads/2019/05/my-special-blankie_en_20190506_cover.jpg,bookdash-my-special-blankie.webp,https://zuwbshdvpnranzheswdn.supabase.co/storage/v1/object/public/book-covers/bookdash-my-special-blankie.webp
4ff40f77-b4ce-4552-b0b3-9fe74e76e244,my-special-hair,https://bookdash.org/wp-content/uploads/2017/03/my-special-hair_english_20170315_cover.jpg,bookdash-my-special-hair.webp,https://zuwbshdvpnranzheswdn.supabase.co/storage/v1/object/public/book-covers/bookdash-my-special-hair.webp
85be29e8-596c-44a1-8e74-73a6af0e875b,no,https://bookdash.org/wp-content/uploads/2018/01/no_20180115_cover.jpg,bookdash-no.webp,https://zuwbshdvpnranzheswdn.supabase.co/storage/v1/object/public/book-covers/bookdash-no.webp
270a5e05-200e-4598-805e-e0cb00ab008b,nomvundla-and-the-chilli-eating-contest,https://bookdash.org/wp-content/uploads/2017/03/nomvundla-and-the-chilli-eating-contest_english_20170320_cover.jpg,bookdash-nomvundla-and-the-chilli-eating-contest.webp,https://zuwbshdvpnranzheswdn.supabase.co/storage/v1/object/public/book-covers/bookdash-nomvundla-and-the-chilli-eating-contest.webp
da1d32b6-453a-4d14-9cc1-e808fb1b9589,o-rain-come,https://bookdash.org/wp-content/uploads/2020/11/o-rain-come_en_20201105_cover.jpg,bookdash-o-rain-come.webp,https://zuwbshdvpnranzheswdn.supabase.co/storage/v1/object/public/book-covers/bookdash-o-rain-come.webp
e6c3306f-4eb7-4b20-94fd-619e105663bb,open-the-door,https://bookdash.org/wp-content/uploads/2023/11/9781776231225.jpg,bookdash-open-the-door.webp,https://zuwbshdvpnranzheswdn.supabase.co/storage/v1/object/public/book-covers/bookdash-open-the-door.webp
e463c3ac-3cf0-4cb9-9ede-417a37416e2b,oumas-amazing-flowers,https://bookdash.org/wp-content/uploads/2023/11/9781776231218.jpg,bookdash-oumas-amazing-flowers.webp,https://zuwbshdvpnranzheswdn.supabase.co/storage/v1/object/public/book-covers/bookdash-oumas-amazing-flowers.webp
989a3651-4962-4778-98fd-3ed0f7212196,oyisa-and-the-giant-tree,https://bookdash.org/wp-content/uploads/2024/09/978-1-77632-584-9.jpg,bookdash-oyisa-and-the-giant-tree.webp,https://zuwbshdvpnranzheswdn.supabase.co/storage/v1/object/public/book-covers/bookdash-oyisa-and-the-giant-tree.webp
0fc67845-bbce-49d2-a1f0-e24ec4acf063,pako-the-pigeon-disappears,https://bookdash.org/wp-content/uploads/2021/06/pako_the_pigeon_disappears_en_20210531_cover.jpg,bookdash-pako-the-pigeon-disappears.webp,https://zuwbshdvpnranzheswdn.supabase.co/storage/v1/object/public/book-covers/bookdash-pako-the-pigeon-disappears.webp
b25fb7e8-758e-43d1-a21c-a7706ea87cb5,palesa-can-walk,https://bookdash.org/wp-content/uploads/2017/02/palesa-can-walk_20161214_cover.jpg,bookdash-palesa-can-walk.webp,https://zuwbshdvpnranzheswdn.supabase.co/storage/v1/object/public/book-covers/bookdash-palesa-can-walk.webp
16ebc896-f2fb-4e5a-b397-abbb324ac0e2,samoosas,https://bookdash.org/wp-content/uploads/2025/10/samoosas_en_cover.jpg,bookdash-samoosas.webp,https://zuwbshdvpnranzheswdn.supabase.co/storage/v1/object/public/book-covers/bookdash-samoosas.webp
f29ebe59-7cb1-4e09-b660-59ba34052d71,sams-treasures,https://bookdash.org/wp-content/uploads/2022/05/sams-treasures_en_20220529_cover-2.jpg,bookdash-sams-treasures.webp,https://zuwbshdvpnranzheswdn.supabase.co/storage/v1/object/public/book-covers/bookdash-sams-treasures.webp
ae24c5e9-4f8c-4904-b478-3b85e7673dfb,scared-tumi,https://bookdash.org/wp-content/uploads/2017/02/scared-tumi_english_20161230_page0.jpg,bookdash-scared-tumi.webp,https://zuwbshdvpnranzheswdn.supabase.co/storage/v1/object/public/book-covers/bookdash-scared-tumi.webp
b3267fb9-30d5-497d-ba6d-a52a3d62df55,senzo-and-the-sun,https://bookdash.org/wp-content/uploads/2017/03/senzo-and-the-sun_english_20170320_cover.jpg,bookdash-senzo-and-the-sun.webp,https://zuwbshdvpnranzheswdn.supabase.co/storage/v1/object/public/book-covers/bookdash-senzo-and-the-sun.webp
34e86105-9245-4272-b0e2-102073bcc90d,shaka-and-mazi,https://bookdash.org/wp-content/uploads/2021/05/shaka-and-mazi_en_20210525_cover.jpg,bookdash-shaka-and-mazi.webp,https://zuwbshdvpnranzheswdn.supabase.co/storage/v1/object/public/book-covers/bookdash-shaka-and-mazi.webp
a202b4da-f27e-4af2-bde5-6ae05de39d69,shhhhh,https://bookdash.org/wp-content/uploads/2019/04/shhhhh_en_20190424_cover.jpg,bookdash-shhhhh.webp,https://zuwbshdvpnranzheswdn.supabase.co/storage/v1/object/public/book-covers/bookdash-shhhhh.webp
aded2fa2-1716-4f57-965b-dfcee31e087c,sing-to-me,https://bookdash.org/wp-content/uploads/2019/05/sing-to-me_en_20190520_cover.jpg,bookdash-sing-to-me.webp,https://zuwbshdvpnranzheswdn.supabase.co/storage/v1/object/public/book-covers/bookdash-sing-to-me.webp
aa1ec813-f9b6-4eda-a28d-2b9d3517f191,small-birds-big-adventure,https://bookdash.org/wp-content/uploads/2017/02/small-birds-big-adventure_english_20161230_cover.jpg,bookdash-small-birds-big-adventure.webp,https://zuwbshdvpnranzheswdn.supabase.co/storage/v1/object/public/book-covers/bookdash-small-birds-big-adventure.webp
c13407b2-b220-488e-a3dc-7d46173105a8,tata-comes-home,https://bookdash.org/wp-content/uploads/2024/09/978-1-77632-591-7.jpg,bookdash-tata-comes-home.webp,https://zuwbshdvpnranzheswdn.supabase.co/storage/v1/object/public/book-covers/bookdash-tata-comes-home.webp
d947f7f2-bce2-4d46-b491-6427ce22b75b,tejus-shadow,https://bookdash.org/wp-content/uploads/2019/11/tejus-shadow_en_20191114_cover.jpg,bookdash-tejus-shadow.webp,https://zuwbshdvpnranzheswdn.supabase.co/storage/v1/object/public/book-covers/bookdash-tejus-shadow.webp
207297a6-6e36-4e83-9537-45a3e8a93e51,thats-not-thabi-thats-a-hippopotamus,https://bookdash.org/wp-content/uploads/2018/01/thats-not-thabi_en_20181215_cover-1.jpg,bookdash-thats-not-thabi-thats-a-hippopotamus.webp,https://zuwbshdvpnranzheswdn.supabase.co/storage/v1/object/public/book-covers/bookdash-thats-not-thabi-thats-a-hippopotamus.webp
4a3ec8a9-3728-41c0-b332-385b56aeff5b,the-best-gift,https://bookdash.org/wp-content/uploads/2021/06/the-best-gift_en_20210531_cover.jpg,bookdash-the-best-gift.webp,https://zuwbshdvpnranzheswdn.supabase.co/storage/v1/object/public/book-covers/bookdash-the-best-gift.webp
52c0a717-7afc-41cc-9a3e-b947f0f1c376,the-best-nest,https://bookdash.org/wp-content/uploads/2021/10/the-best-nest_en_20210929_cover.jpg,bookdash-the-best-nest.webp,https://zuwbshdvpnranzheswdn.supabase.co/storage/v1/object/public/book-covers/bookdash-the-best-nest.webp
a7ff7bdf-e978-470e-ac78-e0ffa83604b5,the-biscuit-jar-must-fall,https://bookdash.org/wp-content/uploads/2017/02/the-biscuit-jar-must-fall_english_20161230_cover.jpg,bookdash-the-biscuit-jar-must-fall.webp,https://zuwbshdvpnranzheswdn.supabase.co/storage/v1/object/public/book-covers/bookdash-the-biscuit-jar-must-fall.webp
9df15a40-aa70-4ec3-b09d-8eb5d04e8f45,the-bounce,https://bookdash.org/wp-content/uploads/2018/01/the-bounce_20180115_cover.jpg,bookdash-the-bounce.webp,https://zuwbshdvpnranzheswdn.supabase.co/storage/v1/object/public/book-covers/bookdash-the-bounce.webp
d6ab2a25-4550-43f5-8d8c-39ec133b52f2,the-box,https://bookdash.org/wp-content/uploads/2022/06/the-box_en_20220606_cover.jpg,bookdash-the-box.webp,https://zuwbshdvpnranzheswdn.supabase.co/storage/v1/object/public/book-covers/bookdash-the-box.webp
dcbad58f-1046-4179-a31e-ae3f26138403,the-boy-who-only-ate-pancakes,https://bookdash.org/wp-content/uploads/2021/06/the-boy-who-only-ate-pancakes_en_20210531_cover.jpg,bookdash-the-boy-who-only-ate-pancakes.webp,https://zuwbshdvpnranzheswdn.supabase.co/storage/v1/object/public/book-covers/bookdash-the-boy-who-only-ate-pancakes.webp
e756b90f-d042-4264-b5d1-137b29e65ce2,the-cottonwool-doctor,https://bookdash.org/wp-content/uploads/2017/07/the-cottonwool-doctor_20170712_cover.jpg,bookdash-the-cottonwool-doctor.webp,https://zuwbshdvpnranzheswdn.supabase.co/storage/v1/object/public/book-covers/bookdash-the-cottonwool-doctor.webp
2fed7f86-fe8a-431e-ae5c-a036f0db2a8c,the-dream-pillow,https://bookdash.org/wp-content/uploads/2018/05/the-dream-pillow_en_20180423_cover.jpg,bookdash-the-dream-pillow.webp,https://zuwbshdvpnranzheswdn.supabase.co/storage/v1/object/public/book-covers/bookdash-the-dream-pillow.webp
b1a896ae-fc14-4f6c-985a-68168dd08158,the-fish-and-chickens-wedding,https://bookdash.org/wp-content/uploads/2017/03/the-fish-and-chickens-wedding_en_20180405_cover.jpg,bookdash-the-fish-and-chickens-wedding.webp,https://zuwbshdvpnranzheswdn.supabase.co/storage/v1/object/public/book-covers/bookdash-the-fish-and-chickens-wedding.webp
d4c5c03a-705f-47fc-98a0-1f13f44f0ea4,the-fish-that-couldnt-swim,https://bookdash.org/wp-content/uploads/2018/05/the-fish-that-couldnt-swim_en_20181215_cover.jpg,bookdash-the-fish-that-couldnt-swim.webp,https://zuwbshdvpnranzheswdn.supabase.co/storage/v1/object/public/book-covers/bookdash-the-fish-that-couldnt-swim.webp
904cd110-5298-4446-aed4-547f4831055a,the-great-cake-contest,https://bookdash.org/wp-content/uploads/2018/12/the-great-cake-contest_en_20181213_cover-1.jpg,bookdash-the-great-cake-contest.webp,https://zuwbshdvpnranzheswdn.supabase.co/storage/v1/object/public/book-covers/bookdash-the-great-cake-contest.webp
ae2b49f2-5d52-4311-95d6-c6e283496512,the-great-tidy-up,https://bookdash.org/wp-content/uploads/2019/11/the-great-tidy-up_en_20191108_cover.jpg,bookdash-the-great-tidy-up.webp,https://zuwbshdvpnranzheswdn.supabase.co/storage/v1/object/public/book-covers/bookdash-the-great-tidy-up.webp
50a0f5a0-5dfb-41b3-ab01-52be21065715,the-lazy-ant,https://bookdash.org/wp-content/uploads/2017/02/the-lazy-ant_en_20191210_cover.jpg,bookdash-the-lazy-ant.webp,https://zuwbshdvpnranzheswdn.supabase.co/storage/v1/object/public/book-covers/bookdash-the-lazy-ant.webp
8a518fc9-1b37-431b-bf79-a5c21189e024,the-lost-laugh,https://bookdash.org/wp-content/uploads/2018/01/the-lost-laugh_en_20181216_cover.jpg,bookdash-the-lost-laugh.webp,https://zuwbshdvpnranzheswdn.supabase.co/storage/v1/object/public/book-covers/bookdash-the-lost-laugh.webp
e984ebc3-2368-4dbc-bf37-13e0f5136ed0,the-memory-tree,https://bookdash.org/wp-content/uploads/2022/12/the-memory-tree-en-20221202_cover.jpg,bookdash-the-memory-tree.webp,https://zuwbshdvpnranzheswdn.supabase.co/storage/v1/object/public/book-covers/bookdash-the-memory-tree.webp
a2377d6e-cad1-479c-8567-bd67806c5208,the-monster-must-go,https://bookdash.org/wp-content/uploads/2023/11/9781776231201.jpg,bookdash-the-monster-must-go.webp,https://zuwbshdvpnranzheswdn.supabase.co/storage/v1/object/public/book-covers/bookdash-the-monster-must-go.webp
8cc51dc0-1fda-4dec-b0e1-93f760d0eb74,the-new-road,https://bookdash.org/wp-content/uploads/2019/11/the-new-road_en_20191114_cover.jpg,bookdash-the-new-road.webp,https://zuwbshdvpnranzheswdn.supabase.co/storage/v1/object/public/book-covers/bookdash-the-new-road.webp
ece4f0a3-1c19-49e3-9f52-293eda4d3db8,the-one-in-the-middle,https://bookdash.org/wp-content/uploads/2023/11/9781776231263.jpg,bookdash-the-one-in-the-middle.webp,https://zuwbshdvpnranzheswdn.supabase.co/storage/v1/object/public/book-covers/bookdash-the-one-in-the-middle.webp
e690a21d-5621-4dbc-b694-c9efdc5f0fe7,the-pumpkin-chase,https://bookdash.org/wp-content/uploads/2018/03/the-pumpkin-chase_20180207_cover.jpg,bookdash-the-pumpkin-chase.webp,https://zuwbshdvpnranzheswdn.supabase.co/storage/v1/object/public/book-covers/bookdash-the-pumpkin-chase.webp
57eadf0f-e621-498d-8ae7-d01f78f49071,the-rainbow-cloud,https://bookdash.org/wp-content/uploads/2017/02/the-rainbow-cloud_english_20161230_cover.jpg,bookdash-the-rainbow-cloud.webp,https://zuwbshdvpnranzheswdn.supabase.co/storage/v1/object/public/book-covers/bookdash-the-rainbow-cloud.webp
11887931-a36f-48c9-bc07-1438623e6f98,the-sausage-dog,https://bookdash.org/wp-content/uploads/2022/12/the-sausage-dog_en_20221201_cover.jpg,bookdash-the-sausage-dog.webp,https://zuwbshdvpnranzheswdn.supabase.co/storage/v1/object/public/book-covers/bookdash-the-sausage-dog.webp
2b6a3b0b-6ecd-40d0-b241-eb41133a1e68,the-sea,https://bookdash.org/wp-content/uploads/2017/02/the-sea_english_20161214_cover.jpg,bookdash-the-sea.webp,https://zuwbshdvpnranzheswdn.supabase.co/storage/v1/object/public/book-covers/bookdash-the-sea.webp
5b88b6d5-c277-4fd6-a518-1a825a983a77,the-things-that-really-matter,https://bookdash.org/wp-content/uploads/2020/05/the-things-that-really-matter_en_20200515_cover.jpg,bookdash-the-things-that-really-matter.webp,https://zuwbshdvpnranzheswdn.supabase.co/storage/v1/object/public/book-covers/bookdash-the-things-that-really-matter.webp
31d419ad-5f5c-4d42-af0c-12bf16924ab9,the-three-doof-doofs,https://bookdash.org/wp-content/uploads/2017/03/the-three-doof-doofs_english_20170315_cover-1.jpg,bookdash-the-three-doof-doofs.webp,https://zuwbshdvpnranzheswdn.supabase.co/storage/v1/object/public/book-covers/bookdash-the-three-doof-doofs.webp
84076564-1af7-4fb0-b188-0fdd6f630302,the-very-tired-lioness,https://bookdash.org/wp-content/uploads/2018/12/the-very-tired-lioness_en_20181205_cover-3.jpg,bookdash-the-very-tired-lioness.webp,https://zuwbshdvpnranzheswdn.supabase.co/storage/v1/object/public/book-covers/bookdash-the-very-tired-lioness.webp
6315610e-3b18-4df1-92d7-5de9dac8b5d1,the-window-seat,https://bookdash.org/wp-content/uploads/2025/10/the-window-seat_en_cover.jpg,bookdash-the-window-seat.webp,https://zuwbshdvpnranzheswdn.supabase.co/storage/v1/object/public/book-covers/bookdash-the-window-seat.webp
52e98455-d29b-4370-b252-cfacc366b5eb,theres-a-fire-on-the-mountain,https://bookdash.org/wp-content/uploads/2021/05/theres-a-fire-on-the-mountain_en_20210524_cover.jpg,bookdash-theres-a-fire-on-the-mountain.webp,https://zuwbshdvpnranzheswdn.supabase.co/storage/v1/object/public/book-covers/bookdash-theres-a-fire-on-the-mountain.webp
8157ba32-59a1-4c7a-81a4-a7ca1621cc83,theres-an-alien-in-my-house,https://bookdash.org/wp-content/uploads/2019/11/theres-an-alien-in-my-house_20191114_cover.jpg,bookdash-theres-an-alien-in-my-house.webp,https://zuwbshdvpnranzheswdn.supabase.co/storage/v1/object/public/book-covers/bookdash-theres-an-alien-in-my-house.webp
cfaf9c90-2a76-48f4-a5ac-33209e60c2ca,thuli-special-and-the-secret,https://bookdash.org/wp-content/uploads/2017/03/thuli-special-and-the-secret_english_20170315_cover.jpg,bookdash-thuli-special-and-the-secret.webp,https://zuwbshdvpnranzheswdn.supabase.co/storage/v1/object/public/book-covers/bookdash-thuli-special-and-the-secret.webp
66dfb1ea-3aa9-49e1-bf22-fc704633fdb3,thulis-tissue,https://bookdash.org/wp-content/uploads/2025/10/thulis-tissue_en_cover.jpg,bookdash-thulis-tissue.webp,https://zuwbshdvpnranzheswdn.supabase.co/storage/v1/object/public/book-covers/bookdash-thulis-tissue.webp
23be23bb-1493-4967-99c0-a52618a85507,tigs-world,https://bookdash.org/wp-content/uploads/2018/01/tigs-world_20180115_cover.jpg,bookdash-tigs-world.webp,https://zuwbshdvpnranzheswdn.supabase.co/storage/v1/object/public/book-covers/bookdash-tigs-world.webp
d66510fc-0cef-4a91-bf52-696a4ebb1ff4,tikky-boom-tish,https://bookdash.org/wp-content/uploads/2022/05/tikky_boom_tish_en_20220520_cover.jpg,bookdash-tikky-boom-tish.webp,https://zuwbshdvpnranzheswdn.supabase.co/storage/v1/object/public/book-covers/bookdash-tikky-boom-tish.webp
378a12c8-9bc1-4c14-a69c-590fb3f7e3dd,tlotlegos-tea-party,https://bookdash.org/wp-content/uploads/2021/05/tlotlegos-tea-party_en_20210524_cover.jpg,bookdash-tlotlegos-tea-party.webp,https://zuwbshdvpnranzheswdn.supabase.co/storage/v1/object/public/book-covers/bookdash-tlotlegos-tea-party.webp
6db82984-8673-4b0f-aafb-662c40a71398,tones-big-drop,https://bookdash.org/wp-content/uploads/2017/03/tones-big-drop_english_20170324_cover.jpg,bookdash-tones-big-drop.webp,https://zuwbshdvpnranzheswdn.supabase.co/storage/v1/object/public/book-covers/bookdash-tones-big-drop.webp
2cd15b61-2bc1-42a6-94b5-5934eb13b7ea,tumi-goes-to-the-park,https://bookdash.org/wp-content/uploads/2017/03/tumi-goes-to-the-park_english_20170316_cover.jpg,bookdash-tumi-goes-to-the-park.webp,https://zuwbshdvpnranzheswdn.supabase.co/storage/v1/object/public/book-covers/bookdash-tumi-goes-to-the-park.webp
1f83e53f-4e0a-4231-a7cb-be3465112259,unathi-and-the-dirty-smelly-beast,https://bookdash.org/wp-content/uploads/2017/02/unathi-and-the-dirty-smelly-beast_english_20161214_cover.jpg,bookdash-unathi-and-the-dirty-smelly-beast.webp,https://zuwbshdvpnranzheswdn.supabase.co/storage/v1/object/public/book-covers/bookdash-unathi-and-the-dirty-smelly-beast.webp
a24e67e9-c998-4ce6-bddb-1d386f6487fb,whats-at-the-park,https://bookdash.org/wp-content/uploads/2018/12/whats-at-the-park_en_20181213_cover-1.jpg,bookdash-whats-at-the-park.webp,https://zuwbshdvpnranzheswdn.supabase.co/storage/v1/object/public/book-covers/bookdash-whats-at-the-park.webp
f36fe083-7fcd-48df-a75a-d2af204fb11e,whats-happened-to-our-water,https://bookdash.org/wp-content/uploads/2025/10/whats-happened-to-our-water_en_cover.jpg,bookdash-whats-happened-to-our-water.webp,https://zuwbshdvpnranzheswdn.supabase.co/storage/v1/object/public/book-covers/bookdash-whats-happened-to-our-water.webp
8836449c-5cca-4557-b277-c1897f86d63b,whats-in-the-pot,https://bookdash.org/wp-content/uploads/2017/03/whats-in-the-pot_english_20170320_cover.jpg,bookdash-whats-in-the-pot.webp,https://zuwbshdvpnranzheswdn.supabase.co/storage/v1/object/public/book-covers/bookdash-whats-in-the-pot.webp
3f9d5f51-da93-4570-ad12-7c223ccbbe6f,whats-next,https://bookdash.org/wp-content/uploads/2022/06/whats-next_en_20220606_cover-1.jpg,bookdash-whats-next.webp,https://zuwbshdvpnranzheswdn.supabase.co/storage/v1/object/public/book-covers/bookdash-whats-next.webp
a4bb3b1a-1037-4568-877b-7174b8bbc018,where-is-lulu,https://bookdash.org/wp-content/uploads/2018/05/where-is-lulu_en_20180503_cover.jpg,bookdash-where-is-lulu.webp,https://zuwbshdvpnranzheswdn.supabase.co/storage/v1/object/public/book-covers/bookdash-where-is-lulu.webp
58c13abe-45f7-4be1-acad-a0cd9d0927af,where-is-thabo,https://bookdash.org/wp-content/uploads/2017/02/where-is-thabo_english_20161230_cover.jpg,bookdash-where-is-thabo.webp,https://zuwbshdvpnranzheswdn.supabase.co/storage/v1/object/public/book-covers/bookdash-where-is-thabo.webp
9ede91dd-587d-4d6c-b141-7a638ede2ad8,who-takes-the-train,https://bookdash.org/wp-content/uploads/2018/05/who-takes-the-train_en_20180504_cover.jpg,bookdash-who-takes-the-train.webp,https://zuwbshdvpnranzheswdn.supabase.co/storage/v1/object/public/book-covers/bookdash-who-takes-the-train.webp
98ca0d4c-b65a-4e81-b674-306c7c83355a,who-took-my-shoe,https://bookdash.org/wp-content/uploads/2022/11/who-took-my-shoe_en_20221127_cover.jpg,bookdash-who-took-my-shoe.webp,https://zuwbshdvpnranzheswdn.supabase.co/storage/v1/object/public/book-covers/bookdash-who-took-my-shoe.webp
2124c60b-0b1a-4af1-8514-c7dae96460e1,whos-that-baby,https://bookdash.org/wp-content/uploads/2019/04/whos-that-baby_en_20180424_cover.jpg,bookdash-whos-that-baby.webp,https://zuwbshdvpnranzheswdn.supabase.co/storage/v1/object/public/book-covers/bookdash-whos-that-baby.webp
11e426a8-9b20-4941-9b5d-434e97292348,whose-shoe-is-this,https://bookdash.org/wp-content/uploads/2021/06/whose-shoe-is-this_en_20210531_cover.jpg,bookdash-whose-shoe-is-this.webp,https://zuwbshdvpnranzheswdn.supabase.co/storage/v1/object/public/book-covers/bookdash-whose-shoe-is-this.webp
3f484e6d-a4dc-4649-9140-5b9db3e892b8,why-birds-sing-at-dawn,https://bookdash.org/wp-content/uploads/2019/11/Why-birds-sing-at-dawn_en_20191121_cover.jpg,bookdash-why-birds-sing-at-dawn.webp,https://zuwbshdvpnranzheswdn.supabase.co/storage/v1/object/public/book-covers/bookdash-why-birds-sing-at-dawn.webp
5cd34a8a-cbdb-4d67-bb1d-590433a5860b,why-is-there-a-hole-in-the-wall,https://bookdash.org/wp-content/uploads/2017/02/why-is-there-a-hole-in-the-wall_english_20170208_cover.jpg,bookdash-why-is-there-a-hole-in-the-wall.webp,https://zuwbshdvpnranzheswdn.supabase.co/storage/v1/object/public/book-covers/bookdash-why-is-there-a-hole-in-the-wall.webp
d96f81e9-e15f-44f7-930c-69a9e58cc94d,why-the-owl-never-sleeps,https://bookdash.org/wp-content/uploads/2024/09/978-1-77632-593-1.jpg,bookdash-why-the-owl-never-sleeps.webp,https://zuwbshdvpnranzheswdn.supabase.co/storage/v1/object/public/book-covers/bookdash-why-the-owl-never-sleeps.webp
496db22a-08de-4c0b-a9ea-f843ec6302f4,wiggle-jiggle,https://bookdash.org/wp-content/uploads/2019/05/wiggle-jiggle_en_20190503_cover.jpg,bookdash-wiggle-jiggle.webp,https://zuwbshdvpnranzheswdn.supabase.co/storage/v1/object/public/book-covers/bookdash-wiggle-jiggle.webp
b4c46ed6-bb53-4c95-80aa-5a2cebef431c,woof-woof,https://bookdash.org/wp-content/uploads/2019/04/woof-woof_en_20190424_cover.jpg,bookdash-woof-woof.webp,https://zuwbshdvpnranzheswdn.supabase.co/storage/v1/object/public/book-covers/bookdash-woof-woof.webp
ee5a61de-918c-4c5f-b4e2-93f93eb7adff,yapo-saves-the-day,https://bookdash.org/wp-content/uploads/2020/11/yapo-saves-the-day_en_20201105_cover.jpg,bookdash-yapo-saves-the-day.webp,https://zuwbshdvpnranzheswdn.supabase.co/storage/v1/object/public/book-covers/bookdash-yapo-saves-the-day.webp
b0242033-64bf-441c-9ffa-2846b2b4a9c7,yes-you-can,https://bookdash.org/wp-content/uploads/2021/05/yes-you-can_en_20210525_cover.jpg,bookdash-yes-you-can.webp,https://zuwbshdvpnranzheswdn.supabase.co/storage/v1/object/public/book-covers/bookdash-yes-you-can.webp
872c337e-964d-4784-b387-faeaa0c761d2,you-yes-you,https://bookdash.org/wp-content/uploads/2018/04/yes-you_en_20180423_cover.jpg,bookdash-you-yes-you.webp,https://zuwbshdvpnranzheswdn.supabase.co/storage/v1/object/public/book-covers/bookdash-you-yes-you.webp
23b68ed1-198b-48c1-81c4-c9c7b809ec25,zandi-and-birdy-monster,https://bookdash.org/wp-content/uploads/2018/05/zandi-and-birdy-monster_en_20180508_cover.jpg,bookdash-zandi-and-birdy-monster.webp,https://zuwbshdvpnranzheswdn.supabase.co/storage/v1/object/public/book-covers/bookdash-zandi-and-birdy-monster.webp
a0df9e6b-e0e3-4f70-a680-45f9442dd080,zanele-sees-numbers,https://bookdash.org/wp-content/uploads/2017/02/zanele-sees-numbers_english_20170208_cover.jpg,bookdash-zanele-sees-numbers.webp,https://zuwbshdvpnranzheswdn.supabase.co/storage/v1/object/public/book-covers/bookdash-zanele-sees-numbers.webp
353e3b71-ed16-4eec-9ae7-bda90192799d,zenandes-helping-hands,https://bookdash.org/wp-content/uploads/2022/11/Zenandes-helping-hands-en-20221128_cover.jpg,bookdash-zenandes-helping-hands.webp,https://zuwbshdvpnranzheswdn.supabase.co/storage/v1/object/public/book-covers/bookdash-zenandes-helping-hands.webp
7243b9d3-78bf-40a2-9f6b-050befc66b52,zibu-and-zizo,https://bookdash.org/wp-content/uploads/2022/06/zibu-and-zizo_en_20220606_cover.jpg,bookdash-zibu-and-zizo.webp,https://zuwbshdvpnranzheswdn.supabase.co/storage/v1/object/public/book-covers/bookdash-zibu-and-zizo.webp
